Index,Label
0,3
1,8
2,4
3,10
4,6
5,4
6,3
7,9
8,9
9,3
10,5
11,9
12,6
13,9
14,9
15,0
16,1
17,8
18,4
19,5
20,7
21,4
22,8
23,4
24,2
25,2
26,9
27,10
28,1
29,0
30,10
31,2
32,0
33,6
34,10
35,0
36,3
37,6
38,5
39,4
40,9
41,10
42,2
43,0
44,3
45,4
46,9
47,2
48,0
49,2
50,2
51,4
52,3
53,0
54,9
55,2
56,2
57,3
58,10
59,5
60,9
61,3
62,5
63,7
64,0
65,0
66,9
67,10
68,2
69,5
70,5
71,0
72,9
73,2
74,5
75,6
76,8
77,4
78,0
79,4
80,8
81,3
82,0
83,9
84,5
85,9
86,3
87,9
88,9
89,10
90,10
91,0
92,9
93,7
94,8
95,2
96,9
97,5
98,6
99,0
100,9
101,4
102,2
103,8
104,2
105,1
106,0
107,4
108,8
109,0
110,4
111,5
112,4
113,9
114,9
115,9
116,5
117,5
118,2
119,3
120,1
121,8
122,0
123,10
124,9
125,4
126,0
127,2
128,1
129,9
130,5
131,5
132,0
133,8
134,1
135,5
136,9
137,3
138,1
139,4
140,3
141,3
142,0
143,6
144,0
145,10
146,8
147,7
148,9
149,6
150,2
151,6
152,10
153,9
154,9
155,0
156,10
157,7
158,4
159,4
160,9
161,4
162,9
163,9
164,4
165,10
166,0
167,9
168,8
169,9
170,2
171,6
172,8
173,10
174,3
175,8
176,2
177,0
178,5
179,10
180,3
181,9
182,5
183,2
184,0
185,9
186,1
187,9
188,2
189,9
190,7
191,2
192,5
193,0
194,2
195,4
196,3
197,3
198,0
199,9
200,2
201,6
202,0
203,5
204,9
205,1
206,0
207,0
208,9
209,2
210,0
211,2
212,10
213,5
214,9
215,2
216,10
217,10
218,7
219,9
220,2
221,8
222,0
223,2
224,5
225,8
226,4
227,2
228,10
229,9
230,2
231,4
232,8
233,5
234,0
235,10
236,2
237,2
238,4
239,5
240,8
241,5
242,1
243,10
244,2
245,8
246,5
247,0
248,2
249,4
250,9
251,3
252,0
253,8
254,0
255,2
256,9
257,4
258,10
259,2
260,10
261,2
262,6
263,1
264,1
265,6
266,3
267,2
268,5
269,5
270,6
271,9
272,2
273,2
274,5
275,4
276,0
277,8
278,2
279,9
280,7
281,5
282,2
283,9
284,4
285,9
286,8
287,4
288,3
289,0
290,2
291,9
292,9
293,1
294,0
295,4
296,5
297,9
298,9
299,5
300,9
301,8
302,2
303,9
304,8
305,9
306,8
307,0
308,4
309,2
310,3
311,9
312,8
313,8
314,8
315,1
316,5
317,0
318,4
319,6
320,8
321,0
322,3
323,5
324,2
325,3
326,9
327,0
328,2
329,0
330,9
331,9
332,8
333,1
334,9
335,5
336,4
337,5
338,3
339,9
340,9
341,5
342,4
343,3
344,3
345,7
346,4
347,2
348,2
349,5
350,4
351,6
352,9
353,3
354,4
355,3
356,4
357,2
358,0
359,9
360,8
361,4
362,10
363,6
364,2
365,2
366,5
367,5
368,4
369,3
370,3
371,4
372,2
373,9
374,8
375,1
376,9
377,3
378,4
379,9
380,4
381,2
382,4
383,4
384,2
385,6
386,6
387,9
388,2
389,10
390,1
391,2
392,5
393,8
394,4
395,0
396,0
397,2
398,9
399,9
400,2
401,9
402,9
403,4
404,5
405,5
406,0
407,10
408,6
409,5
410,5
411,3
412,3
413,1
414,10
415,8
416,5
417,4
418,7
419,6
420,10
421,5
422,8
423,4
424,8
425,8
426,0
427,1
428,5
429,4
430,2
431,6
432,4
433,0
434,8
435,8
436,5
437,9
438,9
439,3
440,5
441,1
442,9
443,9
444,10
445,0
446,6
447,1
448,0
449,2
450,7
451,5
452,10
453,2
454,4
455,10
456,9
457,6
458,0
459,5
460,8
461,2
462,9
463,2
464,0
465,0
466,3
467,9
468,1
469,0
470,10
471,1
472,2
473,2
474,2
475,6
476,9
477,10
478,2
479,3
480,0
481,10
482,0
483,0
484,2
485,9
486,6
487,3
488,7
489,9
490,4
491,9
492,9
493,9
494,5
495,3
496,8
497,3
498,2
499,1
500,10
501,8
502,4
503,0
504,9
505,1
506,10
507,9
508,3
509,6
510,3
511,2
512,7
513,5
514,2
515,1
516,8
517,1
518,3
519,0
520,3
521,2
522,7
523,9
524,2
525,2
526,3
527,6
528,0
529,9
530,9
531,8
532,2
533,10
534,10
535,5
536,5
537,0
538,2
539,5
540,5
541,10
542,4
543,2
544,3
545,1
546,1
547,2
548,9
549,6
550,9
551,3
552,2
553,4
554,9
555,2
556,9
557,0
558,2
559,2
560,3
561,2
562,0
563,8
564,9
565,0
566,2
567,10
568,5
569,5
570,5
571,5
572,2
573,5
574,5
575,0
576,0
577,0
578,5
579,9
580,8
581,9
582,3
583,9
584,1
585,9
586,5
587,2
588,5
589,2
590,0
591,2
592,2
593,8
594,9
595,2
596,8
597,0
598,1
599,5
600,0
601,8
602,1
603,10
604,10
605,8
606,2
607,2
608,4
609,4
610,5
611,2
612,0
613,6
614,0
615,8
616,5
617,5
618,8
619,6
620,3
621,0
622,4
623,4
624,0
625,5
626,4
627,5
628,5
629,1
630,10
631,9
632,9
633,3
634,7
635,10
636,9
637,9
638,0
639,9
640,0
641,9
642,2
643,9
644,6
645,8
646,4
647,5
648,10
649,2
650,6
651,2
652,2
653,9
654,2
655,3
656,4
657,2
658,3
659,10
660,6
661,9
662,8
663,3
664,0
665,2
666,2
667,3
668,4
669,2
670,4
671,10
672,9
673,8
674,9
675,1
676,1
677,0
678,9
679,5
680,5
681,10
682,6
683,2
684,10
685,10
686,4
687,8
688,4
689,4
690,4
691,9
692,9
693,5
694,5
695,9
696,9
697,2
698,2
699,3
700,5
701,4
702,2
703,8
704,4
705,5
706,9
707,4
708,9
709,2
710,8
711,8
712,8
713,8
714,5
715,8
716,2
717,9
718,8
719,5
720,3
721,5
722,0
723,3
724,0
725,1
726,7
727,5
728,8
729,4
730,9
731,1
732,0
733,8
734,3
735,9
736,9
737,10
738,9
739,6
740,4
741,9
742,3
743,5
744,5
745,4
746,9
747,6
748,2
749,0
750,2
751,4
752,0
753,2
754,4
755,9
756,2
757,2
758,2
759,6
760,3
761,10
762,5
763,6
764,5
765,2
766,0
767,9
768,3
769,2
770,0
771,3
772,2
773,3
774,4
775,4
776,6
777,0
778,6
779,8
780,5
781,2
782,9
783,2
784,5
785,2
786,0
787,10
788,4
789,4
790,2
791,8
792,4
793,3
794,3
795,0
796,6
797,9
798,5
799,6
800,3
801,3
802,5
803,2
804,8
805,10
806,10
807,3
808,8
809,2
810,6
811,2
812,9
813,4
814,10
815,0
816,5
817,0
818,0
819,0
820,4
821,2
822,5
823,1
824,2
825,9
826,10
827,9
828,6
829,9
830,10
831,8
832,2
833,0
834,9
835,9
836,5
837,4
838,2
839,10
840,2
841,9
842,5
843,8
844,6
845,9
846,8
847,2
848,6
849,10
850,3
851,9
852,0
853,5
854,9
855,2
856,6
857,0
858,4
859,9
860,2
861,3
862,9
863,2
864,10
865,2
866,5
867,0
868,5
869,4
870,4
871,5
872,6
873,9
874,5
875,2
876,8
877,0
878,5
879,2
880,8
881,2
882,0
883,6
884,6
885,4
886,10
887,5
888,8
889,5
890,10
891,10
892,5
893,5
894,4
895,4
896,8
897,4
898,5
899,7
900,10
901,2
902,7
903,6
904,0
905,9
906,6
907,0
908,6
909,10
910,4
911,4
912,2
913,2
914,5
915,3
916,10
917,9
918,5
919,3
920,9
921,5
922,5
923,0
924,5
925,0
926,5
927,2
928,9
929,0
930,9
931,9
932,2
933,4
934,5
935,10
936,4
937,9
938,0
939,2
940,10
941,5
942,4
943,4
944,9
945,4
946,8
947,6
948,10
949,2
950,2
951,5
952,5
953,10
954,8
955,0
956,5
957,0
958,2
959,5
960,9
961,9
962,4
963,3
964,0
965,4
966,2
967,1
968,2
969,2
970,2
971,3
972,9
973,3
974,3
975,5
976,9
977,10
978,9
979,9
980,10
981,2
982,5
983,2
984,2
985,2
986,8
987,9
988,9
989,8
990,3
991,9
992,0
993,0
994,9
995,5
996,2
997,6
998,9
999,5
1000,5
1001,0
1002,2
1003,2
1004,9
1005,9
1006,5
1007,2
1008,6
1009,5
1010,10
1011,5
1012,8
1013,3
1014,5
1015,5
1016,6
1017,0
1018,2
1019,0
1020,2
1021,0
1022,6
1023,2
1024,8
1025,5
1026,5
1027,0
1028,3
1029,3
1030,8
1031,5
1032,5
1033,1
1034,2
1035,10
1036,4
1037,8
1038,2
1039,9
1040,3
1041,6
1042,10
1043,2
1044,0
1045,5
1046,8
1047,7
1048,4
1049,5
1050,5
1051,9
1052,1
1053,9
1054,9
1055,9
1056,4
1057,0
1058,5
1059,3
1060,4
1061,3
1062,9
1063,7
1064,4
1065,10
1066,2
1067,10
1068,0
1069,10
1070,9
1071,5
1072,2
1073,3
1074,9
1075,2
1076,9
1077,4
1078,5
1079,5
1080,0
1081,4
1082,9
1083,9
1084,4
1085,4
1086,0
1087,5
1088,4
1089,7
1090,5
1091,9
1092,4
1093,8
1094,0
1095,3
1096,5
1097,9
1098,9
1099,3
1100,8
1101,2
1102,4
1103,8
1104,10
1105,4
1106,0
1107,5
1108,0
1109,3
1110,5
1111,4
1112,2
1113,2
1114,2
1115,10
1116,2
1117,2
1118,5
1119,3
1120,5
1121,2
1122,9
1123,5
1124,9
1125,3
1126,0
1127,0
1128,2
1129,9
1130,0
1131,0
1132,0
1133,8
1134,2
1135,9
1136,10
1137,6
1138,8
1139,9
1140,9
1141,10
1142,3
1143,7
1144,5
1145,9
1146,5
1147,8
1148,2
1149,8
1150,8
1151,7
1152,7
1153,2
1154,3
1155,9
1156,1
1157,9
1158,6
1159,8
1160,5
1161,9
1162,9
1163,10
1164,0
1165,9
1166,4
1167,2
1168,0
1169,9
1170,8
1171,6
1172,2
1173,2
1174,9
1175,9
1176,5
1177,2
1178,10
1179,0
1180,8
1181,6
1182,9
1183,3
1184,4
1185,8
1186,2
1187,10
1188,6
1189,9
1190,5
1191,4
1192,1
1193,9
1194,6
1195,3
1196,10
1197,8
1198,4
1199,0
1200,0
1201,0
1202,8
1203,2
1204,4
1205,2
1206,2
1207,9
1208,2
1209,8
1210,3
1211,0
1212,3
1213,5
1214,5
1215,8
1216,4
1217,2
1218,2
1219,3
1220,3
1221,3
1222,2
1223,4
1224,4
1225,10
1226,3
1227,4
1228,2
1229,0
1230,6
1231,9
1232,2
1233,6
1234,5
1235,5
1236,3
1237,2
1238,7
1239,10
1240,8
1241,9
1242,5
1243,0
1244,0
1245,3
1246,9
1247,9
1248,10
1249,2
1250,1
1251,2
1252,9
1253,3
1254,3
1255,5
1256,9
1257,9
1258,2
1259,4
1260,2
1261,8
1262,8
1263,5
1264,0
1265,8
1266,9
1267,3
1268,10
1269,9
1270,9
1271,2
1272,5
1273,0
1274,0
1275,5
1276,2
1277,10
1278,2
1279,8
1280,5
1281,2
1282,10
1283,0
1284,2
1285,9
1286,2
1287,0
1288,3
1289,4
1290,3
1291,5
1292,10
1293,9
1294,9
1295,9
1296,2
1297,4
1298,5
1299,2
1300,3
1301,9
1302,6
1303,10
1304,9
1305,5
1306,6
1307,10
1308,3
1309,5
1310,0
1311,9
1312,9
1313,2
1314,5
1315,2
1316,8
1317,5
1318,4
1319,3
1320,10
1321,6
1322,9
1323,10
1324,9
1325,10
1326,3
1327,1
1328,0
1329,3
1330,2
1331,9
1332,0
1333,9
1334,0
1335,2
1336,6
1337,4
1338,10
1339,8
1340,2
1341,8
1342,9
1343,5
1344,2
1345,9
1346,2
1347,8
1348,10
1349,9
1350,2
1351,3
1352,9
1353,2
1354,10
1355,2
1356,10
1357,2
1358,10
1359,2
1360,1
1361,2
1362,7
1363,9
1364,10
1365,2
1366,2
1367,4
1368,2
1369,10
1370,3
1371,0
1372,4
1373,9
1374,4
1375,9
1376,0
1377,0
1378,8
1379,5
1380,2
1381,5
1382,8
1383,1
1384,4
1385,9
1386,3
1387,2
1388,4
1389,10
1390,9
1391,5
1392,3
1393,8
1394,5
1395,9
1396,8
1397,9
1398,6
1399,2
1400,1
1401,0
1402,9
1403,0
1404,1
1405,0
1406,6
1407,3
1408,6
1409,10
1410,4
1411,9
1412,7
1413,9
1414,5
1415,8
1416,4
1417,2
1418,2
1419,4
1420,2
1421,9
1422,9
1423,4
1424,9
1425,0
1426,3
1427,5
1428,8
1429,5
1430,0
1431,0
1432,3
1433,2
1434,5
1435,8
1436,9
1437,9
1438,9
1439,5
1440,8
1441,0
1442,5
1443,0
1444,9
1445,9
1446,0
1447,4
1448,3
1449,6
1450,9
1451,0
1452,4
1453,2
1454,3
1455,3
1456,8
1457,8
1458,9
1459,0
1460,9
1461,5
1462,1
1463,5
1464,2
1465,10
1466,8
1467,7
1468,5
1469,2
1470,1
1471,10
1472,5
1473,6
1474,9
1475,2
1476,3
1477,0
1478,3
1479,9
1480,8
1481,10
1482,10
1483,0
1484,2
1485,5
1486,9
1487,10
1488,3
1489,5
1490,2
1491,1
1492,9
1493,2
1494,3
1495,9
1496,0
1497,4
1498,8
1499,2
1500,0
1501,2
1502,9
1503,9
1504,9
1505,9
1506,10
1507,5
1508,3
1509,3
1510,4
1511,0
1512,8
1513,2
1514,9
1515,5
1516,2
1517,2
1518,5
1519,5
1520,5
1521,10
1522,0
1523,10
1524,4
1525,4
1526,2
1527,4
1528,3
1529,4
1530,8
1531,0
1532,6
1533,0
1534,0
1535,9
1536,4
1537,10
1538,2
1539,2
1540,8
1541,8
1542,9
1543,2
1544,5
1545,1
1546,9
1547,2
1548,2
1549,0
1550,3
1551,9
1552,2
1553,10
1554,3
1555,0
1556,4
1557,0
1558,9
1559,0
1560,1
1561,3
1562,4
1563,9
1564,4
1565,8
1566,6
1567,5
1568,10
1569,2
1570,10
1571,9
1572,8
1573,3
1574,9
1575,3
1576,5
1577,8
1578,3
1579,4
1580,5
1581,2
1582,5
1583,2
1584,5
1585,2
1586,5
1587,2
1588,9
1589,2
1590,5
1591,4
1592,8
1593,2
1594,9
1595,6
1596,2
1597,9
1598,9
1599,9
1600,3
1601,4
1602,7
1603,2
1604,1
1605,6
1606,10
1607,3
1608,6
1609,2
1610,9
1611,4
1612,5
1613,3
1614,10
1615,0
1616,5
1617,3
1618,4
1619,0
1620,0
1621,0
1622,7
1623,9
1624,0
1625,4
1626,9
1627,5
1628,9
1629,0
1630,2
1631,7
1632,5
1633,0
1634,0
1635,9
1636,8
1637,0
1638,2
1639,8
1640,2
1641,0
1642,2
1643,5
1644,0
1645,0
1646,9
1647,2
1648,8
1649,2
1650,7
1651,9
1652,1
1653,9
1654,4
1655,2
1656,7
1657,2
1658,9
1659,2
1660,10
1661,7
1662,2
1663,3
1664,5
1665,2
1666,4
1667,5
1668,2
1669,8
1670,6
1671,0
1672,5
1673,5
1674,8
1675,5
1676,2
1677,5
1678,4
1679,6
1680,5
1681,4
1682,2
1683,2
1684,9
1685,4
1686,0
1687,3
1688,3
1689,4
1690,9
1691,5
1692,2
1693,0
1694,3
1695,2
1696,3
1697,2
1698,9
1699,4
1700,2
1701,4
1702,0
1703,5
1704,2
1705,0
1706,0
1707,8
1708,2
1709,10
1710,9
1711,9
1712,2
1713,8
1714,0
1715,2
1716,3
1717,0
1718,5
1719,2
1720,9
1721,2
1722,7
1723,6
1724,2
1725,2
1726,2
1727,4
1728,9
1729,5
1730,4
1731,9
1732,0
1733,2
1734,2
1735,2
1736,2
1737,2
1738,5
1739,3
1740,2
1741,5
1742,5
1743,9
1744,9
1745,4
1746,3
1747,5
1748,9
1749,2
1750,4
1751,2
1752,4
1753,5
1754,5
1755,5
1756,0
1757,5
1758,9
1759,2
1760,4
1761,10
1762,3
1763,5
1764,5
1765,5
1766,2
1767,9
1768,3
1769,0
1770,0
1771,4
1772,0
1773,2
1774,2
1775,2
1776,9
1777,4
1778,5
1779,0
1780,2
1781,8
1782,2
1783,2
1784,3
1785,3
1786,5
1787,0
1788,3
1789,2
1790,6
1791,3
1792,3
1793,9
1794,9
1795,9
1796,4
1797,5
1798,7
1799,4
1800,8
1801,2
1802,3
1803,9
1804,4
1805,5
1806,10
1807,2
1808,2
1809,2
1810,0
1811,3
1812,0
1813,5
1814,0
1815,0
1816,3
1817,0
1818,5
1819,0
1820,3
1821,0
1822,3
1823,10
1824,0
1825,5
1826,10
1827,2
1828,5
1829,2
1830,10
1831,0
1832,0
1833,0
1834,6
1835,9
1836,8
1837,0
1838,10
1839,7
1840,4
1841,2
1842,4
1843,2
1844,3
1845,9
1846,5
1847,0
1848,1
1849,7
1850,9
1851,5
1852,8
1853,3
1854,2
1855,5
1856,4
1857,0
1858,6
1859,5
1860,2
1861,8
1862,0
1863,4
1864,6
1865,2
1866,6
1867,8
1868,2
1869,1
1870,9
1871,4
1872,6
1873,5
1874,10
1875,1
1876,2
1877,1
1878,7
1879,9
1880,2
1881,9
1882,3
1883,0
1884,0
1885,2
1886,3
1887,3
1888,2
1889,10
1890,9
1891,2
1892,4
1893,9
1894,3
1895,7
1896,2
1897,10
1898,3
1899,2
1900,9
1901,3
1902,9
1903,1
1904,9
1905,5
1906,10
1907,1
1908,4
1909,6
1910,10
1911,5
1912,5
1913,9
1914,7
1915,2
1916,5
1917,5
1918,5
1919,7
1920,2
1921,3
1922,9
1923,8
1924,5
1925,8
1926,8
1927,5
1928,4
1929,2
1930,5
1931,4
1932,7
1933,2
1934,4
1935,4
1936,3
1937,4
1938,10
1939,5
1940,9
1941,8
1942,5
1943,5
1944,3
1945,2
1946,10
1947,9
1948,9
1949,10
1950,5
1951,3
1952,10
1953,2
1954,2
1955,0
1956,7
1957,5
1958,10
1959,0
1960,3
1961,7
1962,2
1963,3
1964,0
1965,2
1966,10
1967,5
1968,0
1969,1
1970,3
1971,9
1972,8
1973,9
1974,8
1975,8
1976,6
1977,6
1978,10
1979,10
1980,1
1981,0
1982,0
1983,9
1984,7
1985,8
1986,4
1987,9
1988,9
1989,6
1990,3
1991,9
1992,2
1993,9
1994,9
1995,9
1996,2
1997,8
1998,2
1999,5
2000,3
2001,9
2002,10
2003,1
2004,2
2005,9
2006,4
2007,5
2008,10
2009,9
2010,5
2011,8
2012,9
2013,5
2014,6
2015,9
2016,2
2017,6
2018,6
2019,9
2020,2
2021,5
2022,2
2023,6
2024,5
2025,3
2026,7
2027,0
2028,2
2029,9
2030,5
2031,4
2032,9
2033,2
2034,4
2035,4
2036,6
2037,7
2038,2
2039,9
2040,5
2041,3
2042,4
2043,4
2044,10
2045,3
2046,0
2047,2
2048,8
2049,0
2050,3
2051,3
2052,2
2053,9
2054,2
2055,2
2056,0
2057,9
2058,2
2059,0
2060,0
2061,8
2062,1
2063,4
2064,10
2065,8
2066,10
2067,6
2068,2
2069,0
2070,0
2071,2
2072,2
2073,9
2074,6
2075,7
2076,2
2077,5
2078,4
2079,0
2080,9
2081,4
2082,0
2083,8
2084,10
2085,2
2086,5
2087,10
2088,0
2089,10
2090,2
2091,1
2092,9
2093,3
2094,6
2095,2
2096,5
2097,9
2098,10
2099,9
2100,3
2101,2
2102,3
2103,9
2104,5
2105,1
2106,9
2107,0
2108,3
2109,2
2110,0
2111,5
2112,5
2113,8
2114,10
2115,7
2116,0
2117,8
2118,9
2119,2
2120,4
2121,2
2122,4
2123,10
2124,3
2125,10
2126,5
2127,5
2128,3
2129,8
2130,9
2131,6
2132,9
2133,9
2134,4
2135,2
2136,9
2137,9
2138,2
2139,5
2140,6
2141,5
2142,3
2143,3
2144,3
2145,8
2146,4
2147,8
2148,6
2149,7
2150,8
2151,5
2152,8
2153,4
2154,6
2155,4
2156,5
2157,0
2158,5
2159,2
2160,2
2161,2
2162,3
2163,2
2164,5
2165,2
2166,3
2167,8
2168,3
2169,5
2170,0
2171,4
2172,8
2173,0
2174,5
2175,7
2176,9
2177,9
2178,2
2179,9
2180,5
2181,2
2182,8
2183,5
2184,0
2185,2
2186,0
2187,9
2188,8
2189,3
2190,0
2191,6
2192,2
2193,0
2194,0
2195,4
2196,2
2197,9
2198,4
2199,10
2200,2
2201,9
2202,8
2203,3
2204,9
2205,7
2206,9
2207,9
2208,2
2209,3
2210,10
2211,5
2212,0
2213,2
2214,4
2215,2
2216,5
2217,3
2218,10
2219,5
2220,10
2221,5
2222,5
2223,2
2224,0
2225,9
2226,5
2227,9
2228,3
2229,10
2230,5
2231,8
2232,8
2233,0
2234,3
2235,5
2236,5
2237,2
2238,6
2239,4
2240,0
2241,7
2242,0
2243,2
2244,8
2245,2
2246,2
2247,0
2248,5
2249,8
2250,9
2251,2
2252,2
2253,2
2254,8
2255,10
2256,8
2257,8
2258,9
2259,0
2260,5
2261,5
2262,5
2263,2
2264,5
2265,0
2266,5
2267,3
2268,5
2269,9
2270,3
2271,1
2272,6
2273,5
2274,8
2275,5
2276,3
2277,8
2278,3
2279,5
2280,0
2281,7
2282,5
2283,3
2284,3
2285,0
2286,7
2287,3
2288,0
2289,0
2290,3
2291,9
2292,3
2293,0
2294,7
2295,2
2296,5
2297,0
2298,5
2299,0
2300,3
2301,1
2302,0
2303,2
2304,3
2305,8
2306,2
2307,5
2308,8
2309,4
2310,2
2311,2
2312,0
2313,3
2314,10
2315,3
2316,8
2317,5
2318,5
2319,0
2320,10
2321,4
2322,7
2323,8
2324,5
2325,9
2326,10
2327,3
2328,1
2329,10
2330,5
2331,5
2332,8
2333,2
2334,4
2335,1
2336,5
2337,10
2338,0
2339,4
2340,2
2341,3
2342,6
2343,6
2344,2
2345,4
2346,3
2347,1
2348,8
2349,9
2350,5
2351,8
2352,10
2353,10
2354,4
2355,1
2356,3
2357,10
2358,9
2359,0
2360,5
2361,4
2362,1
2363,10
2364,0
2365,2
2366,0
2367,0
2368,9
2369,2
2370,5
2371,9
2372,10
2373,3
2374,3
2375,10
2376,1
2377,3
2378,3
2379,5
2380,7
2381,9
2382,5
2383,9
2384,1
2385,5
2386,9
2387,9
2388,6
2389,5
2390,2
2391,10
2392,3
2393,2
2394,1
2395,7
2396,9
2397,8
2398,3
2399,8
2400,3
2401,2
2402,0
2403,0
2404,8
2405,1
2406,0
2407,2
2408,9
2409,0
2410,4
2411,3
2412,2
2413,8
2414,1
2415,5
2416,4
2417,8
2418,5
2419,5
2420,8
2421,9
2422,4
2423,4
2424,8
2425,0
2426,2
2427,9
2428,7
2429,2
2430,3
2431,2
2432,9
2433,2
2434,3
2435,5
2436,2
2437,3
2438,2
2439,10
2440,2
2441,0
2442,0
2443,9
2444,0
2445,2
2446,8
2447,0
2448,2
2449,2
2450,4
2451,0
2452,9
2453,0
2454,9
2455,2
2456,9
2457,9
2458,7
2459,10
2460,9
2461,2
2462,2
2463,4
2464,2
2465,9
2466,3
2467,8
2468,9
2469,0
2470,6
2471,0
2472,2
2473,2
2474,0
2475,8
2476,5
2477,3
2478,8
2479,0
2480,3
2481,2
2482,1
2483,10
2484,2
2485,3
2486,3
2487,0
2488,9
2489,3
2490,1
2491,8
2492,0
2493,2
2494,9
2495,2
2496,0
2497,5
2498,9
2499,3
2500,5
2501,3
2502,10
2503,2
2504,4
2505,1
2506,5
2507,5
2508,3
2509,10
2510,6
2511,0
2512,9
2513,2
2514,5
2515,6
2516,0
2517,4
2518,3
2519,5
2520,9
2521,9
2522,2
2523,2
2524,9
2525,0
2526,0
2527,5
2528,9
2529,3
2530,5
2531,9
2532,5
2533,9
2534,9
2535,10
2536,3
2537,1
2538,3
2539,0
2540,1
2541,9
2542,5
2543,5
2544,0
2545,4
2546,0
2547,9
2548,0
2549,8
2550,2
2551,8
2552,2
2553,2
2554,0
2555,2
2556,4
2557,2
2558,0
2559,1
2560,1
2561,5
2562,2
2563,2
2564,5
2565,5
2566,4
2567,3
2568,9
2569,5
2570,3
2571,3
2572,5
2573,0
2574,5
2575,2
2576,2
2577,9
2578,1
2579,10
2580,2
2581,0
2582,5
2583,9
2584,3
2585,9
2586,2
2587,5
2588,7
2589,9
2590,10
2591,2
2592,9
2593,6
2594,0
2595,0
2596,4
2597,3
2598,4
2599,3
2600,2
2601,2
2602,9
2603,2
2604,9
2605,6
2606,4
2607,2
2608,3
2609,5
2610,3
2611,6
2612,9
2613,2
2614,2
2615,0
2616,9
2617,8
2618,10
2619,5
2620,0
2621,6
2622,5
2623,0
2624,4
2625,5
2626,0
2627,8
2628,2
2629,9
2630,3
2631,9
2632,0
2633,5
2634,8
2635,8
2636,10
2637,0
2638,9
2639,0
2640,2
2641,7
2642,8
2643,3
2644,5
2645,8
2646,8
2647,2
2648,2
2649,0
2650,5
2651,0
2652,4
2653,9
2654,7
2655,3
2656,10
2657,8
2658,8
2659,9
2660,2
2661,5
2662,8
2663,9
2664,10
2665,2
2666,2
2667,7
2668,9
2669,8
2670,8
2671,1
2672,1
2673,9
2674,4
2675,2
2676,8
2677,2
2678,2
2679,0
2680,3
2681,10
2682,7
2683,5
2684,0
2685,2
2686,4
2687,10
2688,3
2689,9
2690,2
2691,2
2692,3
2693,7
2694,4
2695,4
2696,0
2697,2
2698,3
2699,3
2700,8
2701,9
2702,7
2703,7
2704,3
2705,5
2706,1
2707,0
2708,6
2709,5
2710,7
2711,2
2712,4
2713,9
2714,1
2715,9
2716,2
2717,9
2718,2
2719,3
2720,6
2721,2
2722,9
2723,6
2724,2
2725,3
2726,4
2727,2
2728,2
2729,9
2730,9
2731,9
2732,8
2733,1
2734,2
2735,7
2736,10
2737,10
2738,10
2739,10
2740,8
2741,10
2742,8
2743,3
2744,7
2745,8
2746,4
2747,7
2748,0
2749,10
2750,10
2751,4
2752,3
2753,0
2754,9
2755,5
2756,4
2757,3
2758,2
2759,1
2760,10
2761,2
2762,5
2763,5
2764,4
2765,3
2766,0
2767,9
2768,2
2769,5
2770,3
2771,3
2772,2
2773,6
2774,10
2775,4
2776,2
2777,2
2778,8
2779,2
2780,10
2781,2
2782,4
2783,1
2784,3
2785,5
2786,5
2787,8
2788,9
2789,5
2790,9
2791,0
2792,3
2793,2
2794,2
2795,9
2796,2
2797,3
2798,3
2799,3
2800,0
2801,10
2802,2
2803,2
2804,8
2805,3
2806,4
2807,0
2808,9
2809,8
2810,9
2811,3
2812,9
2813,3
2814,9
2815,2
2816,10
2817,8
2818,3
2819,3
2820,2
2821,2
2822,2
2823,9
2824,8
2825,1
2826,0
2827,2
2828,8
2829,0
2830,3
2831,1
2832,9
2833,2
2834,2
2835,7
2836,2
2837,9
2838,2
2839,2
2840,4
2841,9
2842,2
2843,2
2844,8
2845,0
2846,9
2847,2
2848,4
2849,10
2850,9
2851,8
2852,2
2853,0
2854,9
2855,0
2856,9
2857,9
2858,4
2859,10
2860,9
2861,8
2862,3
2863,9
2864,9
2865,10
2866,9
2867,2
2868,8
2869,3
2870,4
2871,5
2872,0
2873,3
2874,0
2875,9
2876,5
2877,9
2878,6
2879,2
2880,3
2881,6
2882,9
2883,4
2884,8
2885,3
2886,9
2887,3
2888,2
2889,2
2890,2
2891,3
2892,2
2893,9
2894,0
2895,8
2896,3
2897,2
2898,4
2899,5
2900,8
2901,3
2902,7
2903,3
2904,9
2905,2
2906,2
2907,2
2908,4
2909,8
2910,8
2911,0
2912,6
2913,7
2914,4
2915,3
2916,10
2917,9
2918,4
2919,5
2920,8
2921,2
2922,2
2923,4
2924,0
2925,5
2926,0
2927,0
2928,0
2929,7
2930,3
2931,8
2932,0
2933,2
2934,9
2935,0
2936,2
2937,2
2938,7
2939,8
2940,3
2941,4
2942,3
2943,5
2944,0
2945,1
2946,5
2947,3
2948,8
2949,2
2950,5
2951,4
2952,10
2953,8
2954,1
2955,2
2956,2
2957,9
2958,2
2959,10
2960,1
2961,0
2962,3
2963,3
2964,3
2965,4
2966,9
2967,5
2968,1
2969,4
2970,2
2971,2
2972,2
2973,3
2974,2
2975,2
2976,4
2977,0
2978,0
2979,3
2980,2
2981,10
2982,9
2983,4
2984,5
2985,3
2986,2
2987,1
2988,2
2989,0
2990,9
2991,4
2992,0
2993,2
2994,6
2995,2
2996,8
2997,8
2998,2
2999,2
3000,0
3001,0
3002,1
3003,5
3004,9
3005,9
3006,8
3007,10
3008,9
3009,10
3010,2
3011,8
3012,0
3013,5
3014,4
3015,2
3016,9
3017,10
3018,7
3019,0
3020,5
3021,8
3022,2
3023,2
3024,9
3025,9
3026,9
3027,5
3028,0
3029,5
3030,6
3031,5
3032,0
3033,2
3034,10
3035,5
3036,5
3037,3
3038,8
3039,8
3040,7
3041,2
3042,8
3043,0
3044,5
3045,2
3046,8
3047,2
3048,3
3049,10
3050,4
3051,10
3052,7
3053,8
3054,2
3055,6
3056,8
3057,8
3058,9
3059,3
3060,0
3061,4
3062,9
3063,3
3064,0
3065,4
3066,5
3067,9
3068,0
3069,0
3070,4
3071,4
3072,8
3073,1
3074,6
3075,10
3076,2
3077,3
3078,4
3079,4
3080,2
3081,10
3082,2
3083,2
3084,2
3085,2
3086,2
3087,9
3088,6
3089,10
3090,3
3091,0
3092,5
3093,6
3094,3
3095,9
3096,3
3097,2
3098,2
3099,4
3100,3
3101,8
3102,6
3103,2
3104,0
3105,4
3106,5
3107,2
3108,8
3109,8
3110,5
3111,9
3112,9
3113,10
3114,4
3115,8
3116,8
3117,4
3118,2
3119,8
3120,2
3121,5
3122,2
3123,8
3124,2
3125,5
3126,9
3127,5
3128,0
3129,5
3130,2
3131,0
3132,0
3133,0
3134,9
3135,9
3136,7
3137,9
3138,8
3139,5
3140,9
3141,1
3142,9
3143,5
3144,7
3145,10
3146,9
3147,9
3148,9
3149,2
3150,9
3151,4
3152,2
3153,2
3154,5
3155,3
3156,8
3157,9
3158,1
3159,5
3160,2
3161,2
3162,9
3163,3
3164,3
3165,4
3166,9
3167,5
3168,5
3169,9
3170,9
3171,7
3172,2
3173,10
3174,0
3175,9
3176,10
3177,10
3178,5
3179,8
3180,2
3181,6
3182,2
3183,0
3184,9
3185,4
3186,8
3187,3
3188,2
3189,0
3190,5
3191,1
3192,2
3193,9
3194,3
3195,9
3196,0
3197,9
3198,10
3199,4
3200,1
3201,3
3202,10
3203,3
3204,2
3205,6
3206,9
3207,2
3208,9
3209,9
3210,3
3211,5
3212,9
3213,2
3214,5
3215,3
3216,5
3217,9
3218,4
3219,3
3220,5
3221,5
3222,4
3223,5
3224,7
3225,9
3226,3
3227,9
3228,8
3229,3
3230,9
3231,9
3232,9
3233,9
3234,4
3235,4
3236,1
3237,1
3238,9
3239,10
3240,3
3241,5
3242,0
3243,2
3244,0
3245,4
3246,3
3247,8
3248,2
3249,1
3250,9
3251,4
3252,5
3253,2
3254,4
3255,9
3256,0
3257,2
3258,2
3259,0
3260,5
3261,4
3262,9
3263,5
3264,2
3265,2
3266,6
3267,4
3268,9
3269,2
3270,5
3271,10
3272,9
3273,0
3274,9
3275,2
3276,2
3277,9
3278,2
3279,2
3280,9
3281,9
3282,9
3283,5
3284,2
3285,1
3286,6
3287,2
3288,2
3289,1
3290,2
3291,4
3292,3
3293,9
3294,3
3295,4
3296,2
3297,9
3298,5
3299,2
3300,5
3301,10
3302,9
3303,0
3304,2
3305,4
3306,0
3307,3
3308,3
3309,4
3310,10
3311,4
3312,0
3313,3
3314,5
3315,1
3316,4
3317,0
3318,8
3319,2
3320,8
3321,5
3322,0
3323,9
3324,2
3325,10
3326,2
3327,5
3328,9
3329,1
3330,10
3331,0
3332,9
3333,4
3334,10
3335,9
3336,5
3337,4
3338,8
3339,5
3340,8
3341,2
3342,5
3343,9
3344,9
3345,5
3346,5
3347,6
3348,0
3349,4
3350,4
3351,1
3352,2
3353,9
3354,9
3355,10
3356,8
3357,2
3358,9
3359,1
3360,2
3361,9
3362,3
3363,2
3364,4
3365,0
3366,3
3367,0
3368,0
3369,6
3370,2
3371,5
3372,2
3373,9
3374,2
3375,0
3376,0
3377,10
3378,0
3379,2
3380,2
3381,1
3382,4
3383,0
3384,5
3385,10
3386,2
3387,0
3388,3
3389,10
3390,8
3391,4
3392,10
3393,4
3394,10
3395,5
3396,5
3397,5
3398,9
3399,4
3400,9
3401,3
3402,3
3403,3
3404,8
3405,2
3406,9
3407,8
3408,0
3409,5
3410,2
3411,0
3412,5
3413,4
3414,2
3415,8
3416,3
3417,3
3418,2
3419,10
3420,9
3421,9
3422,2
3423,9
3424,5
3425,5
3426,1
3427,7
3428,9
3429,2
3430,1
3431,4
3432,8
3433,9
3434,1
3435,9
3436,8
3437,8
3438,4
3439,8
3440,6
3441,2
3442,8
3443,5
3444,8
3445,9
3446,9
3447,0
3448,3
3449,0
3450,9
3451,4
3452,0
3453,2
3454,2
3455,9
3456,5
3457,2
3458,3
3459,10
3460,0
3461,8
3462,5
3463,4
3464,2
3465,3
3466,6
3467,3
3468,2
3469,10
3470,6
3471,6
3472,9
3473,4
3474,8
3475,10
3476,4
3477,3
3478,5
3479,8
3480,9
3481,9
3482,5
3483,1
3484,3
3485,1
3486,9
3487,5
3488,5
3489,3
3490,10
3491,5
3492,6
3493,9
3494,10
3495,8
3496,5
3497,0
3498,1
3499,5
3500,2
3501,3
3502,0
3503,7
3504,10
3505,2
3506,4
3507,2
3508,8
3509,4
3510,8
3511,2
3512,9
3513,9
3514,2
3515,5
3516,10
3517,9
3518,10
3519,1
3520,9
3521,9
3522,9
3523,1
3524,3
3525,9
3526,1
3527,5
3528,8
3529,2
3530,3
3531,9
3532,5
3533,6
3534,3
3535,10
3536,10
3537,0
3538,2
3539,9
3540,8
3541,9
3542,2
3543,9
3544,3
3545,4
3546,2
3547,0
3548,5
3549,9
3550,5
3551,9
3552,0
3553,9
3554,2
3555,2
3556,3
3557,2
3558,4
3559,5
3560,4
3561,5
3562,5
3563,9
3564,10
3565,5
3566,5
3567,5
3568,9
3569,3
3570,9
3571,2
3572,5
3573,2
3574,4
3575,4
3576,2
3577,9
3578,6
3579,6
3580,9
3581,2
3582,10
3583,8
3584,9
3585,0
3586,8
3587,10
3588,0
3589,4
3590,2
3591,5
3592,10
3593,9
3594,7
3595,5
3596,9
3597,8
3598,3
3599,9
3600,2
3601,5
3602,9
3603,3
3604,5
3605,1
3606,4
3607,1
3608,3
3609,3
3610,7
3611,9
3612,4
3613,4
3614,5
3615,2
3616,3
3617,9
3618,9
3619,2
3620,9
3621,2
3622,3
3623,2
3624,8
3625,2
3626,5
3627,5
3628,8
3629,2
3630,5
3631,2
3632,9
3633,7
3634,3
3635,2
3636,2
3637,8
3638,1
3639,0
3640,2
3641,3
3642,8
3643,2
3644,2
3645,1
3646,3
3647,4
3648,3
3649,8
3650,9
3651,3
3652,9
3653,4
3654,9
3655,5
3656,5
3657,7
3658,1
3659,6
3660,4
3661,9
3662,6
3663,7
3664,7
3665,5
3666,9
3667,5
3668,8
3669,8
3670,7
3671,9
3672,5
3673,9
3674,8
3675,9
3676,2
3677,2
3678,9
3679,10
3680,3
3681,3
3682,2
3683,10
3684,4
3685,0
3686,9
3687,10
3688,10
3689,10
3690,2
3691,6
3692,0
3693,2
3694,4
3695,2
3696,1
3697,10
3698,3
3699,4
3700,2
3701,3
3702,10
3703,5
3704,5
3705,0
3706,3
3707,9
3708,10
3709,10
3710,2
3711,9
3712,1
3713,7
3714,6
3715,7
3716,8
3717,3
3718,0
3719,2
3720,10
3721,3
3722,2
3723,9
3724,2
3725,3
3726,4
3727,5
3728,10
3729,4
3730,2
3731,0
3732,5
3733,2
3734,3
3735,4
3736,2
3737,2
3738,6
3739,3
3740,3
3741,4
3742,5
3743,9
3744,9
3745,9
3746,5
3747,6
3748,2
3749,6
3750,9
3751,2
3752,9
3753,9
3754,2
3755,3
3756,5
3757,2
3758,4
3759,4
3760,3
3761,7
3762,10
3763,3
3764,5
3765,3
3766,2
3767,9
3768,3
3769,2
3770,10
3771,3
3772,5
3773,2
3774,5
3775,3
3776,3
3777,10
3778,2
3779,5
3780,3
3781,8
3782,5
3783,5
3784,9
3785,8
3786,2
3787,0
3788,8
3789,2
3790,2
3791,5
3792,8
3793,5
3794,2
3795,2
3796,10
3797,8
3798,9
3799,5
3800,2
3801,3
3802,9
3803,7
3804,5
3805,4
3806,2
3807,9
3808,0
3809,8
3810,5
3811,9
3812,5
3813,10
3814,8
3815,5
3816,10
3817,4
3818,2
3819,6
3820,9
3821,3
3822,8
3823,2
3824,5
3825,8
3826,7
3827,8
3828,10
3829,2
3830,9
3831,5
3832,0
3833,3
3834,5
3835,5
3836,3
3837,4
3838,0
3839,4
3840,0
3841,9
3842,3
3843,1
3844,2
3845,3
3846,9
3847,2
3848,0
3849,0
3850,9
3851,2
3852,4
3853,7
3854,9
3855,6
3856,5
3857,4
3858,0
3859,5
3860,9
3861,9
3862,9
3863,5
3864,3
3865,1
3866,1
3867,2
3868,5
3869,10
3870,6
3871,3
3872,5
3873,4
3874,2
3875,2
3876,4
3877,6
3878,9
3879,4
3880,9
3881,5
3882,4
3883,2
3884,3
3885,4
3886,5
3887,4
3888,3
3889,9
3890,2
3891,2
3892,10
3893,2
3894,6
3895,3
3896,9
3897,0
3898,2
3899,10
3900,8
3901,8
3902,9
3903,2
3904,2
3905,10
3906,0
3907,1
3908,0
3909,6
3910,9
3911,8
3912,9
3913,0
3914,3
3915,4
3916,5
3917,10
3918,2
3919,3
3920,0
3921,0
3922,2
3923,2
3924,0
3925,9
3926,4
3927,6
3928,10
3929,3
3930,10
3931,4
3932,6
3933,2
3934,3
3935,10
3936,9
3937,0
3938,4
3939,9
3940,9
3941,3
3942,8
3943,3
3944,5
3945,8
3946,2
3947,9
3948,0
3949,8
3950,10
3951,3
3952,9
3953,0
3954,3
3955,6
3956,7
3957,8
3958,9
3959,5
3960,9
3961,9
3962,2
3963,3
3964,2
3965,5
3966,9
3967,2
3968,9
3969,5
3970,2
3971,0
3972,0
3973,4
3974,7
3975,2
3976,5
3977,3
3978,0
3979,8
3980,0
3981,2
3982,2
3983,0
3984,0
3985,1
3986,8
3987,3
3988,4
3989,4
3990,3
3991,8
3992,2
3993,6
3994,8
3995,3
3996,9
3997,5
3998,10
3999,8
4000,3
4001,4
4002,0
4003,10
4004,5
4005,7
4006,2
4007,10
4008,5
4009,9
4010,9
4011,3
4012,0
4013,7
4014,9
4015,0
4016,4
4017,8
4018,0
4019,4
4020,0
4021,4
4022,0
4023,5
4024,8
4025,9
4026,9
4027,7
4028,3
4029,4
4030,9
4031,3
4032,5
4033,3
4034,5
4035,8
4036,5
4037,2
4038,3
4039,10
4040,5
4041,4
4042,4
4043,5
4044,0
4045,3
4046,3
4047,9
4048,3
4049,8
4050,9
4051,9
4052,7
4053,5
4054,5
4055,10
4056,5
4057,3
4058,10
4059,1
4060,2
4061,3
4062,3
4063,3
4064,9
4065,1
4066,6
4067,3
4068,10
4069,7
4070,9
4071,9
4072,8
4073,8
4074,8
4075,5
4076,9
4077,4
4078,5
4079,10
4080,9
4081,4
4082,10
4083,3
4084,10
4085,5
4086,2
4087,8
4088,2
4089,1
4090,2
4091,3
4092,2
4093,6
4094,6
4095,9
4096,9
4097,3
4098,0
4099,9
4100,8
4101,6
4102,2
4103,2
4104,0
4105,5
4106,4
4107,4
4108,6
4109,3
4110,6
4111,1
4112,3
4113,4
4114,9
4115,2
4116,2
4117,9
4118,5
4119,4
4120,4
4121,2
4122,3
4123,7
4124,1
4125,0
4126,3
4127,2
4128,2
4129,1
4130,2
4131,5
4132,9
4133,5
4134,1
4135,0
4136,2
4137,5
4138,3
4139,2
4140,1
4141,6
4142,2
4143,9
4144,9
4145,10
4146,1
4147,2
4148,9
4149,0
4150,8
4151,6
4152,4
4153,10
4154,9
4155,3
4156,9
4157,6
4158,3
4159,5
4160,2
4161,5
4162,2
4163,9
4164,0
4165,8
4166,10
4167,5
4168,4
4169,5
4170,9
4171,8
4172,0
4173,0
4174,1
4175,9
4176,9
4177,6
4178,2
4179,6
4180,10
4181,4
4182,1
4183,4
4184,3
4185,3
4186,2
4187,3
4188,10
4189,2
4190,2
4191,2
4192,5
4193,4
4194,4
4195,4
4196,8
4197,5
4198,2
4199,10
4200,3
4201,4
4202,9
4203,9
4204,5
4205,2
4206,2
4207,10
4208,9
4209,1
4210,9
4211,8
4212,10
4213,2
4214,9
4215,9
4216,5
4217,9
4218,10
4219,8
4220,8
4221,9
4222,4
4223,5
4224,3
4225,2
4226,6
4227,9
4228,10
4229,9
4230,2
4231,6
4232,3
4233,4
4234,4
4235,3
4236,10
4237,10
4238,8
4239,2
4240,10
4241,0
4242,4
4243,0
4244,7
4245,10
4246,8
4247,4
4248,9
4249,3
4250,2
4251,9
4252,0
4253,8
4254,10
4255,5
4256,3
4257,10
4258,10
4259,5
4260,1
4261,9
4262,8
4263,0
4264,9
4265,4
4266,0
4267,9
4268,9
4269,2
4270,2
4271,7
4272,2
4273,7
4274,8
4275,5
4276,5
4277,2
4278,5
4279,3
4280,4
4281,1
4282,8
4283,0
4284,0
4285,9
4286,4
4287,9
4288,5
4289,3
4290,9
4291,10
4292,5
4293,1
4294,10
4295,3
4296,4
4297,2
4298,5
4299,2
4300,9
4301,9
4302,4
4303,5
4304,0
4305,6
4306,2
4307,0
4308,2
4309,4
4310,3
4311,1
4312,4
4313,9
4314,8
4315,10
4316,0
4317,5
4318,0
4319,9
4320,3
4321,3
4322,8
4323,2
4324,5
4325,2
4326,9
4327,6
4328,10
4329,2
4330,8
4331,8
4332,8
4333,8
4334,5
4335,1
4336,3
4337,3
4338,8
4339,2
4340,9
4341,2
4342,5
4343,6
4344,2
4345,4
4346,0
4347,2
4348,3
4349,8
4350,8
4351,5
4352,9
4353,9
4354,5
4355,8
4356,0
4357,0
4358,10
4359,5
4360,5
4361,0
4362,9
4363,2
4364,5
4365,5
4366,5
4367,5
4368,0
4369,8
4370,2
4371,10
4372,10
4373,1
4374,9
4375,3
4376,9
4377,9
4378,8
4379,1
4380,9
4381,0
4382,3
4383,8
4384,0
4385,7
4386,8
4387,1
4388,2
4389,9
4390,7
4391,5
4392,5
4393,5
4394,10
4395,2
4396,2
4397,4
4398,4
4399,2
4400,4
4401,2
4402,10
4403,6
4404,4
4405,10
4406,6
4407,9
4408,9
4409,8
4410,3
4411,2
4412,10
4413,0
4414,0
4415,2
4416,0
4417,3
4418,4
4419,9
4420,5
4421,6
4422,7
4423,9
4424,9
4425,8
4426,8
4427,6
4428,2
4429,3
4430,0
4431,2
4432,10
4433,9
4434,2
4435,9
4436,3
4437,9
4438,5
4439,10
4440,2
4441,10
4442,1
4443,5
4444,0
4445,4
4446,2
4447,0
4448,3
4449,9
4450,8
4451,5
4452,10
4453,3
4454,8
4455,9
4456,9
4457,9
4458,0
4459,5
4460,2
4461,2
4462,6
4463,4
4464,2
4465,3
4466,2
4467,0
4468,2
4469,7
4470,2
4471,8
4472,3
4473,5
4474,2
4475,2
4476,2
4477,3
4478,5
4479,10
4480,0
4481,5
4482,2
4483,9
4484,9
4485,9
4486,10
4487,3
4488,6
4489,5
4490,0
4491,4
4492,6
4493,5
4494,2
4495,3
4496,5
4497,9
4498,9
4499,0
4500,2
4501,5
4502,8
4503,0
4504,2
4505,6
4506,5
4507,5
4508,9
4509,9
4510,9
4511,5
4512,9
4513,10
4514,7
4515,1
4516,6
4517,0
4518,0
4519,10
4520,3
4521,1
4522,9
4523,9
4524,0
4525,0
4526,7
4527,9
4528,9
4529,0
4530,4
4531,8
4532,2
4533,2
4534,4
4535,3
4536,9
4537,5
4538,9
4539,3
4540,10
4541,5
4542,1
4543,10
4544,9
4545,4
4546,4
4547,6
4548,6
4549,3
4550,8
4551,5
4552,3
4553,9
4554,9
4555,1
4556,9
4557,9
4558,6
4559,5
4560,2
4561,8
4562,2
4563,2
4564,8
4565,3
4566,9
4567,2
4568,10
4569,0
4570,9
4571,5
4572,5
4573,8
4574,5
4575,9
4576,8
4577,4
4578,0
4579,6
4580,9
4581,3
4582,10
4583,2
4584,4
4585,3
4586,3
4587,9
4588,2
4589,6
4590,5
4591,0
4592,8
4593,3
4594,4
4595,9
4596,9
4597,9
4598,5
4599,5
4600,0
4601,2
4602,4
4603,0
4604,0
4605,9
4606,3
4607,8
4608,2
4609,4
4610,4
4611,9
4612,9
4613,9
4614,2
4615,4
4616,8
4617,6
4618,9
4619,9
4620,3
4621,0
4622,2
4623,2
4624,6
4625,3
4626,9
4627,5
4628,10
4629,5
4630,5
4631,5
4632,9
4633,9
4634,4
4635,1
4636,9
4637,2
4638,4
4639,10
4640,5
4641,2
4642,3
4643,10
4644,0
4645,5
4646,5
4647,3
4648,8
4649,9
4650,1
4651,4
4652,9
4653,3
4654,0
4655,9
4656,4
4657,3
4658,2
4659,3
4660,5
4661,2
4662,2
4663,10
4664,9
4665,4
4666,6
4667,9
4668,9
4669,9
4670,9
4671,10
4672,3
4673,3
4674,2
4675,5
4676,4
4677,5
4678,8
4679,2
4680,7
4681,1
4682,10
4683,3
4684,7
4685,4
4686,4
4687,3
4688,9
4689,0
4690,7
4691,0
4692,4
4693,5
4694,5
4695,8
4696,2
4697,2
4698,0
4699,2
4700,5
4701,9
4702,9
4703,10
4704,2
4705,10
4706,5
4707,3
4708,5
4709,5
4710,5
4711,8
4712,9
4713,8
4714,9
4715,8
4716,2
4717,9
4718,4
4719,5
4720,1
4721,5
4722,5
4723,2
4724,0
4725,3
4726,3
4727,1
4728,10
4729,5
4730,5
4731,0
4732,5
4733,4
4734,4
4735,8
4736,0
4737,0
4738,4
4739,10
4740,0
4741,3
4742,2
4743,9
4744,0
4745,5
4746,2
4747,9
4748,8
4749,3
4750,5
4751,0
4752,0
4753,10
4754,5
4755,5
4756,5
4757,9
4758,8
4759,8
4760,10
4761,2
4762,6
4763,2
4764,2
4765,4
4766,3
4767,4
4768,4
4769,2
4770,9
4771,8
4772,7
4773,10
4774,0
4775,4
4776,5
4777,9
4778,3
4779,5
4780,4
4781,9
4782,9
4783,9
4784,8
4785,10
4786,2
4787,1
4788,3
4789,3
4790,2
4791,4
4792,9
4793,9
4794,8
4795,5
4796,4
4797,5
4798,0
4799,6
4800,4
4801,0
4802,4
4803,3
4804,3
4805,3
4806,10
4807,4
4808,9
4809,0
4810,8
4811,5
4812,1
4813,8
4814,10
4815,0
4816,2
4817,10
4818,10
4819,9
4820,9
4821,5
4822,5
4823,3
4824,10
4825,10
4826,2
4827,2
4828,7
4829,3
4830,9
4831,4
4832,1
4833,2
4834,2
4835,3
4836,2
4837,2
4838,9
4839,3
4840,10
4841,2
4842,0
4843,6
4844,10
4845,3
4846,6
4847,9
4848,9
4849,0
4850,5
4851,2
4852,8
4853,7
4854,5
4855,2
4856,2
4857,2
4858,5
4859,6
4860,9
4861,3
4862,9
4863,4
4864,9
4865,1
4866,2
4867,9
4868,8
4869,0
4870,0
4871,5
4872,9
4873,10
4874,8
4875,3
4876,3
4877,2
4878,0
4879,3
4880,5
4881,7
4882,9
4883,4
4884,0
4885,8
4886,9
4887,3
4888,10
4889,0
4890,2
4891,9
4892,9
4893,9
4894,7
4895,2
4896,2
4897,2
4898,4
4899,10
4900,3
4901,3
4902,9
4903,3
4904,10
4905,9
4906,6
4907,9
4908,4
4909,6
4910,4
4911,2
4912,8
4913,9
4914,0
4915,4
4916,6
4917,9
4918,9
4919,10
4920,2
4921,2
4922,3
4923,9
4924,9
4925,2
4926,3
4927,5
4928,9
4929,0
4930,9
4931,5
4932,9
4933,8
4934,5
4935,3
4936,2
4937,4
4938,9
4939,0
4940,2
4941,10
4942,5
4943,5
4944,1
4945,3
4946,3
4947,8
4948,4
4949,0
4950,8
4951,5
4952,2
4953,5
4954,10
4955,3
4956,5
4957,5
4958,4
4959,4
4960,2
4961,4
4962,3
4963,8
4964,0
4965,9
4966,4
4967,2
4968,4
4969,8
4970,8
4971,9
4972,3
4973,8
4974,10
4975,10
4976,3
4977,9
4978,6
4979,2
4980,0
4981,0
4982,5
4983,6
4984,6
4985,9
4986,1
4987,0
4988,0
4989,5
4990,9
4991,9
4992,8
4993,10
4994,0
4995,3
4996,0
4997,2
4998,9
4999,10
5000,2
5001,3
5002,6
5003,2
5004,9
5005,9
5006,9
5007,5
5008,5
5009,5
5010,8
5011,7
5012,0
5013,2
5014,6
5015,0
5016,5
5017,0
5018,8
5019,10
5020,2
5021,3
5022,0
5023,5
5024,9
5025,0
5026,10
5027,1
5028,8
5029,9
5030,0
5031,4
5032,9
5033,3
5034,2
5035,2
5036,0
5037,5
5038,0
5039,2
5040,1
5041,0
5042,2
5043,3
5044,3
5045,10
5046,9
5047,9
5048,0
5049,0
5050,2
5051,2
5052,10
5053,2
5054,9
5055,3
5056,5
5057,5
5058,4
5059,9
5060,9
5061,9
5062,2
5063,9
5064,2
5065,2
5066,1
5067,3
5068,9
5069,2
5070,6
5071,4
5072,9
5073,4
5074,1
5075,2
5076,8
5077,4
5078,7
5079,4
5080,0
5081,6
5082,9
5083,5
5084,4
5085,8
5086,3
5087,1
5088,7
5089,9
5090,2
5091,1
5092,5
5093,2
5094,5
5095,4
5096,9
5097,6
5098,2
5099,2
5100,5
5101,3
5102,8
5103,5
5104,9
5105,6
5106,10
5107,4
5108,9
5109,10
5110,10
5111,6
5112,1
5113,7
5114,10
5115,3
5116,9
5117,8
5118,5
5119,5
5120,2
5121,3
5122,2
5123,5
5124,4
5125,5
5126,7
5127,8
5128,10
5129,10
5130,4
5131,9
5132,7
5133,5
5134,5
5135,7
5136,7
5137,10
5138,0
5139,2
5140,0
5141,8
5142,5
5143,4
5144,5
5145,2
5146,5
5147,6
5148,8
5149,6
5150,0
5151,10
5152,2
5153,5
5154,2
5155,8
5156,2
5157,4
5158,2
5159,5
5160,0
5161,5
5162,3
5163,8
5164,9
5165,9
5166,3
5167,5
5168,1
5169,5
5170,10
5171,5
5172,6
5173,2
5174,2
5175,1
5176,3
5177,0
5178,6
5179,10
5180,6
5181,2
5182,9
5183,5
5184,2
5185,8
5186,3
5187,2
5188,5
5189,9
5190,5
5191,9
5192,0
5193,5
5194,3
5195,0
5196,3
5197,8
5198,2
5199,5
5200,9
5201,9
5202,8
5203,6
5204,4
5205,8
5206,2
5207,0
5208,6
5209,9
5210,0
5211,0
5212,4
5213,5
5214,9
5215,10
5216,1
5217,0
5218,9
5219,1
5220,8
5221,3
5222,10
5223,8
5224,10
5225,6
5226,4
5227,1
5228,9
5229,1
5230,5
5231,8
5232,2
5233,5
5234,2
5235,0
5236,3
5237,3
5238,4
5239,3
5240,8
5241,8
5242,2
5243,5
5244,2
5245,5
5246,2
5247,9
5248,9
5249,9
5250,2
5251,8
5252,9
5253,0
5254,9
5255,4
5256,9
5257,2
5258,0
5259,2
5260,9
5261,3
5262,2
5263,7
5264,2
5265,3
5266,0
5267,0
5268,6
5269,1
5270,5
5271,3
5272,0
5273,2
5274,5
5275,10
5276,0
5277,2
5278,8
5279,5
5280,2
5281,2
5282,6
5283,5
5284,3
5285,3
5286,8
5287,9
5288,8
5289,8
5290,0
5291,2
5292,5
5293,9
5294,8
5295,3
5296,7
5297,0
5298,5
5299,6
5300,3
5301,10
5302,8
5303,5
5304,7
5305,5
5306,9
5307,5
5308,10
5309,4
5310,2
5311,10
5312,9
5313,6
5314,10
5315,8
5316,5
5317,9
5318,0
5319,8
5320,10
5321,2
5322,8
5323,9
5324,5
5325,2
5326,6
5327,9
5328,2
5329,3
5330,6
5331,2
5332,2
5333,9
5334,9
5335,2
5336,1
5337,4
5338,2
5339,2
5340,7
5341,9
5342,3
5343,0
5344,4
5345,2
5346,2
5347,4
5348,0
5349,0
5350,2
5351,3
5352,3
5353,2
5354,9
5355,2
5356,9
5357,9
5358,9
5359,3
5360,9
5361,9
5362,10
5363,5
5364,5
5365,10
5366,9
5367,7
5368,6
5369,9
5370,2
5371,2
5372,5
5373,6
5374,9
5375,3
5376,9
5377,2
5378,3
5379,0
5380,9
5381,0
5382,5
5383,0
5384,0
5385,8
5386,4
5387,2
5388,4
5389,5
5390,10
5391,2
5392,5
5393,5
5394,9
5395,6
5396,1
5397,9
5398,6
5399,2
5400,3
5401,9
5402,2
5403,7
5404,9
5405,7
5406,1
5407,7
5408,5
5409,5
5410,7
5411,2
5412,7
5413,2
5414,5
5415,1
5416,9
5417,8
5418,8
5419,0
5420,6
5421,0
5422,5
5423,3
5424,2
5425,10
5426,0
5427,9
5428,2
5429,1
5430,9
5431,2
5432,5
5433,9
5434,0
5435,4
5436,5
5437,0
5438,9
5439,3
5440,8
5441,8
5442,9
5443,4
5444,9
5445,10
5446,0
5447,5
5448,5
5449,10
5450,2
5451,2
5452,0
5453,5
5454,2
5455,0
5456,9
5457,3
5458,0
5459,5
5460,4
5461,8
5462,5
5463,4
5464,2
5465,2
5466,4
5467,7
5468,3
5469,8
5470,2
5471,9
5472,2
5473,0
5474,3
5475,9
5476,5
5477,4
5478,2
5479,9
5480,5
5481,4
5482,3
5483,9
5484,8
5485,2
5486,3
5487,7
5488,9
5489,2
5490,2
5491,3
5492,8
5493,2
5494,3
5495,0
5496,4
5497,2
5498,5
5499,9
5500,1
5501,0
5502,6
5503,2
5504,5
5505,10
5506,5
5507,10
5508,3
5509,0
5510,2
5511,10
5512,3
5513,3
5514,8
5515,7
5516,2
5517,0
5518,4
5519,3
5520,10
5521,9
5522,8
5523,6
5524,6
5525,3
5526,0
5527,7
5528,2
5529,8
5530,5
5531,2
5532,0
5533,5
5534,2
5535,2
5536,9
5537,0
5538,2
5539,3
5540,4
5541,8
5542,4
5543,2
5544,3
5545,7
5546,5
5547,4
5548,10
5549,5
5550,9
5551,5
5552,2
5553,3
5554,5
5555,2
5556,8
5557,3
5558,4
5559,8
5560,6
5561,7
5562,9
5563,1
5564,7
5565,10
5566,4
5567,9
5568,10
5569,10
5570,0
5571,5
5572,4
5573,2
5574,4
5575,10
5576,0
5577,3
5578,9
5579,4
5580,4
5581,5
5582,2
5583,5
5584,4
5585,9
5586,2
5587,3
5588,9
5589,3
5590,5
5591,8
5592,10
5593,6
5594,8
5595,6
5596,4
5597,4
5598,9
5599,5
5600,5
5601,2
5602,8
5603,4
5604,2
5605,2
5606,6
5607,9
5608,4
5609,8
5610,0
5611,2
5612,2
5613,2
5614,10
5615,2
5616,9
5617,3
5618,8
5619,9
5620,5
5621,9
5622,8
5623,3
5624,3
5625,2
5626,10
5627,3
5628,9
5629,4
5630,5
5631,2
5632,9
5633,8
5634,4
5635,2
5636,2
5637,4
5638,9
5639,9
5640,9
5641,0
5642,9
5643,2
5644,0
5645,1
5646,3
5647,2
5648,9
5649,2
5650,4
5651,0
5652,2
5653,4
5654,4
5655,2
5656,5
5657,4
5658,3
5659,9
5660,0
5661,3
5662,8
5663,5
5664,4
5665,8
5666,0
5667,10
5668,4
5669,2
5670,9
5671,4
5672,9
5673,3
5674,2
5675,9
5676,5
5677,8
5678,2
5679,0
5680,6
5681,5
5682,9
5683,9
5684,4
5685,10
5686,5
5687,6
5688,0
5689,2
5690,5
5691,6
5692,8
5693,2
5694,4
5695,8
5696,8
5697,3
5698,8
5699,0
5700,9
5701,8
5702,9
5703,9
5704,1
5705,1
5706,0
5707,8
5708,5
5709,10
5710,8
5711,2
5712,0
5713,9
5714,2
5715,8
5716,3
5717,6
5718,0
5719,4
5720,6
5721,0
5722,3
5723,3
5724,2
5725,0
5726,8
5727,5
5728,7
5729,4
5730,1
5731,5
5732,8
5733,0
5734,3
5735,2
5736,8
5737,2
5738,8
5739,0
5740,0
5741,0
5742,9
5743,2
5744,6
5745,2
5746,2
5747,5
5748,9
5749,10
5750,9
5751,8
5752,3
5753,4
5754,7
5755,9
5756,9
5757,0
5758,1
5759,5
5760,4
5761,2
5762,0
5763,5
5764,0
5765,2
5766,4
5767,5
5768,3
5769,5
5770,4
5771,9
5772,2
5773,9
5774,2
5775,2
5776,2
5777,10
5778,7
5779,0
5780,4
5781,9
5782,3
5783,4
5784,4
5785,8
5786,2
5787,0
5788,2
5789,9
5790,9
5791,3
5792,0
5793,3
5794,4
5795,9
5796,3
5797,3
5798,5
5799,4
5800,1
5801,10
5802,8
5803,2
5804,1
5805,5
5806,2
5807,2
5808,8
5809,8
5810,4
5811,10
5812,0
5813,9
5814,3
5815,6
5816,10
5817,2
5818,5
5819,2
5820,0
5821,3
5822,5
5823,4
5824,9
5825,9
5826,2
5827,9
5828,5
5829,9
5830,4
5831,4
5832,9
5833,8
5834,2
5835,0
5836,0
5837,2
5838,5
5839,0
5840,10
5841,3
5842,8
5843,3
5844,0
5845,9
5846,4
5847,5
5848,5
5849,2
5850,1
5851,9
5852,2
5853,7
5854,3
5855,5
5856,2
5857,5
5858,5
5859,10
5860,5
5861,5
5862,2
5863,5
5864,2
5865,10
5866,2
5867,6
5868,4
5869,9
5870,1
5871,3
5872,2
5873,0
5874,3
5875,7
5876,5
5877,1
5878,2
5879,5
5880,1
5881,0
5882,5
5883,3
5884,4
5885,3
5886,5
5887,2
5888,3
5889,4
5890,9
5891,3
5892,5
5893,3
5894,9
5895,2
5896,2
5897,4
5898,4
5899,2
5900,3
5901,10
5902,2
5903,3
5904,2
5905,8
5906,4
5907,5
5908,6
5909,0
5910,9
5911,2
5912,2
5913,2
5914,1
5915,4
5916,8
5917,2
5918,0
5919,2
5920,1
5921,0
5922,7
5923,0
5924,8
5925,2
5926,2
5927,0
5928,0
5929,0
5930,10
5931,9
5932,6
5933,0
5934,8
5935,4
5936,8
5937,8
5938,4
5939,3
5940,0
5941,3
5942,0
5943,3
5944,9
5945,5
5946,2
5947,9
5948,8
5949,0
5950,1
5951,7
5952,2
5953,0
5954,2
5955,1
5956,9
5957,6
5958,5
5959,6
5960,4
5961,9
5962,5
5963,9
5964,5
5965,9
5966,10
5967,2
5968,1
5969,9
5970,9
5971,2
5972,10
5973,0
5974,6
5975,9
5976,9
5977,1
5978,3
5979,0
5980,5
5981,0
5982,5
5983,9
5984,5
5985,5
5986,0
5987,6
5988,0
5989,9
5990,2
5991,1
5992,9
5993,3
5994,8
5995,9
5996,2
5997,1
5998,2
5999,5
6000,9
6001,0
6002,3
6003,5
6004,3
6005,0
6006,2
6007,0
6008,2
6009,4
6010,2
6011,2
6012,2
6013,5
6014,4
6015,9
6016,0
6017,7
6018,2
6019,9
6020,4
6021,5
6022,8
6023,5
6024,2
6025,10
6026,10
6027,5
6028,3
6029,2
6030,0
6031,10
6032,8
6033,10
6034,9
6035,0
6036,9
6037,5
6038,0
6039,5
6040,2
6041,5
6042,2
6043,9
6044,8
6045,0
6046,2
6047,9
6048,5
6049,4
6050,5
6051,2
6052,5
6053,5
6054,3
6055,3
6056,8
6057,5
6058,5
6059,9
6060,9
6061,2
6062,9
6063,8
6064,4
6065,5
6066,5
6067,5
6068,8
6069,8
6070,9
6071,3
6072,2
6073,3
6074,2
6075,1
6076,9
6077,2
6078,2
6079,5
6080,8
6081,9
6082,2
6083,8
6084,9
6085,5
6086,9
6087,8
6088,5
6089,2
6090,2
6091,8
6092,3
6093,10
6094,4
6095,2
6096,2
6097,6
6098,2
6099,5
6100,9
6101,6
6102,0
6103,3
6104,4
6105,6
6106,2
6107,7
6108,6
6109,6
6110,3
6111,2
6112,1
6113,3
6114,6
6115,1
6116,0
6117,1
6118,8
6119,6
6120,10
6121,9
6122,3
6123,0
6124,4
6125,2
6126,3
6127,2
6128,3
6129,0
6130,4
6131,5
6132,4
6133,2
6134,5
6135,6
6136,5
6137,10
6138,4
6139,8
6140,8
6141,4
6142,9
6143,4
6144,2
6145,10
6146,0
6147,2
6148,8
6149,7
6150,0
6151,8
6152,2
6153,5
6154,1
6155,9
6156,8
6157,7
6158,5
6159,2
6160,5
6161,2
6162,2
6163,0
6164,9
6165,0
6166,0
6167,2
6168,5
6169,2
6170,9
6171,1
6172,5
6173,0
6174,3
6175,9
6176,9
6177,3
6178,9
6179,5
6180,9
6181,2
6182,0
6183,0
6184,8
6185,1
6186,2
6187,9
6188,9
6189,9
6190,3
6191,8
6192,3
6193,4
6194,2
6195,0
6196,0
6197,9
6198,2
6199,1
6200,9
6201,1
6202,9
6203,10
6204,6
6205,10
6206,10
6207,7
6208,9
6209,0
6210,2
6211,5
6212,3
6213,5
6214,3
6215,5
6216,5
6217,3
6218,2
6219,2
6220,1
6221,2
6222,7
6223,2
6224,9
6225,8
6226,4
6227,2
6228,9
6229,8
6230,3
6231,8
6232,8
6233,10
6234,0
6235,3
6236,9
6237,2
6238,0
6239,3
6240,3
6241,2
6242,2
6243,2
6244,5
6245,2
6246,2
6247,3
6248,9
6249,3
6250,10
6251,7
6252,3
6253,2
6254,9
6255,8
6256,4
6257,4
6258,4
6259,2
6260,9
6261,9
6262,3
6263,8
6264,9
6265,10
6266,2
6267,9
6268,5
6269,3
6270,5
6271,2
6272,5
6273,0
6274,3
6275,2
6276,4
6277,3
6278,5
6279,1
6280,9
6281,4
6282,1
6283,0
6284,3
6285,5
6286,2
6287,4
6288,5
6289,5
6290,0
6291,10
6292,8
6293,2
6294,0
6295,4
6296,10
6297,3
6298,9
6299,4
6300,5
6301,3
6302,10
6303,10
6304,2
6305,8
6306,5
6307,9
6308,5
6309,2
6310,3
6311,3
6312,5
6313,8
6314,2
6315,9
6316,5
6317,6
6318,2
6319,9
6320,5
6321,2
6322,5
6323,2
6324,2
6325,5
6326,4
6327,8
6328,3
6329,8
6330,9
6331,1
6332,2
6333,9
6334,5
6335,9
6336,3
6337,9
6338,2
6339,0
6340,2
6341,2
6342,9
6343,6
6344,5
6345,8
6346,0
6347,0
6348,5
6349,4
6350,6
6351,7
6352,3
6353,3
6354,1
6355,9
6356,2
6357,5
6358,0
6359,2
6360,1
6361,0
6362,6
6363,6
6364,10
6365,3
6366,2
6367,5
6368,3
6369,2
6370,8
6371,7
6372,9
6373,4
6374,1
6375,0
6376,2
6377,2
6378,2
6379,6
6380,10
6381,3
6382,5
6383,7
6384,5
6385,5
6386,5
6387,2
6388,9
6389,1
6390,0
6391,8
6392,7
6393,3
6394,10
6395,0
6396,0
6397,5
6398,5
6399,5
6400,6
6401,9
6402,5
6403,0
6404,5
6405,2
6406,2
6407,0
6408,8
6409,5
6410,2
6411,10
6412,2
6413,4
6414,3
6415,9
6416,8
6417,10
6418,2
6419,2
6420,8
6421,10
6422,9
6423,8
6424,5
6425,6
6426,7
6427,0
6428,2
6429,3
6430,5
6431,2
6432,8
6433,2
6434,10
6435,3
6436,2
6437,0
6438,4
6439,8
6440,0
6441,2
6442,8
6443,4
6444,5
6445,0
6446,5
6447,9
6448,8
6449,9
6450,5
6451,5
6452,0
6453,4
6454,4
6455,0
6456,0
6457,2
6458,10
6459,9
6460,10
6461,1
6462,2
6463,2
6464,3
6465,8
6466,5
6467,0
6468,10
6469,5
6470,9
6471,9
6472,3
6473,10
6474,5
6475,0
6476,8
6477,5
6478,5
6479,5
6480,9
6481,8
6482,10
6483,9
6484,2
6485,8
6486,2
6487,9
6488,2
6489,4
6490,10
6491,8
6492,5
6493,0
6494,2
6495,2
6496,2
6497,4
6498,10
6499,3
6500,5
6501,5
6502,2
6503,7
6504,8
6505,4
6506,0
6507,8
6508,8
6509,10
6510,8
6511,9
6512,5
6513,5
6514,9
6515,9
6516,9
6517,4
6518,9
6519,2
6520,6
6521,3
6522,5
6523,10
6524,2
6525,3
6526,5
6527,8
6528,2
6529,7
6530,2
6531,10
6532,0
6533,0
6534,8
6535,3
6536,2
6537,4
6538,2
6539,8
6540,9
6541,1
6542,9
6543,7
6544,5
6545,6
6546,2
6547,2
6548,2
6549,10
6550,4
6551,8
6552,3
6553,0
6554,9
6555,5
6556,2
6557,0
6558,2
6559,0
6560,8
6561,2
6562,5
6563,3
6564,5
6565,2
6566,10
6567,3
6568,0
6569,8
6570,10
6571,3
6572,3
6573,9
6574,4
6575,8
6576,8
6577,9
6578,2
6579,10
6580,9
6581,9
6582,6
6583,2
6584,2
6585,2
6586,2
6587,5
6588,9
6589,9
6590,2
6591,2
6592,0
6593,8
6594,5
6595,2
6596,2
6597,3
6598,6
6599,2
6600,2
6601,2
6602,4
6603,4
6604,3
6605,0
6606,4
6607,4
6608,0
6609,10
6610,3
6611,8
6612,0
6613,3
6614,2
6615,9
6616,2
6617,9
6618,0
6619,6
6620,8
6621,4
6622,9
6623,9
6624,4
6625,2
6626,1
6627,8
6628,0
6629,0
6630,2
6631,8
6632,4
6633,10
6634,9
6635,7
6636,3
6637,8
6638,3
6639,2
6640,2
6641,6
6642,2
6643,9
6644,4
6645,8
6646,8
6647,9
6648,5
6649,2
6650,2
6651,2
6652,5
6653,5
6654,0
6655,9
6656,0
6657,5
6658,2
6659,3
6660,3
6661,4
6662,7
6663,2
6664,9
6665,9
6666,10
6667,3
6668,10
6669,5
6670,0
6671,9
6672,4
6673,8
6674,3
6675,8
6676,9
6677,9
6678,1
6679,5
6680,5
6681,9
6682,7
6683,2
6684,4
6685,2
6686,6
6687,5
6688,9
6689,4
6690,5
6691,2
6692,4
6693,6
6694,2
6695,4
6696,8
6697,2
6698,0
6699,2
6700,9
6701,2
6702,5
6703,8
6704,8
6705,0
6706,4
6707,9
6708,9
6709,3
6710,3
6711,0
6712,9
6713,8
6714,2
6715,10
6716,0
6717,5
6718,2
6719,9
6720,2
6721,2
6722,8
6723,10
6724,2
6725,3
6726,4
6727,9
6728,2
6729,1
6730,6
6731,9
6732,0
6733,2
6734,8
6735,2
6736,4
6737,2
6738,4
6739,4
6740,4
6741,8
6742,3
6743,8
6744,3
6745,5
6746,10
6747,2
6748,0
6749,5
6750,3
6751,8
6752,10
6753,6
6754,4
6755,3
6756,5
6757,4
6758,0
6759,4
6760,6
6761,3
6762,9
6763,9
6764,9
6765,10
6766,3
6767,9
6768,9
6769,3
6770,8
6771,1
6772,2
6773,10
6774,5
6775,8
6776,5
